project_id,label,url
P0010,Brochure,https://images1.loopnet.com/d2/yqJLvIExGp_-kS7tWmo48wu2SgkxxjUfT_NO3U8WUvg/Brochure.pdf
P0010,Survey,https://images1.loopnet.com/d2/5vTo4uV3jDCCJd5iQlBlAOiSiZSBgoZUEjW82AYsbb4/Survey.pdf
P0010,Maps/Aerials/Exhibits,https://images1.loopnet.com/d2/1L3TNKxv5E2QluLP5ZT7Fj6afWWMvhFMYBcwu2GVfCc/Maps%20Aerials%20Exhibits.pdf
P0010,Plat,https://images1.loopnet.com/d2/P3AYQezG9Zj659Y2Oro3Hzu0DFmdTWC2kGq_zm2hi2Q/Plat.pdf
P0010,Development Summary,https://images1.loopnet.com/d2/NXt29U1qWUP0facMC9JgELfukE20D0YNOBnn-KIuHJE/Development%20Summary.pdf
P0012,Park Brochure,https://images1.loopnet.com/d2/k6ohBiwByMKwjoZEtt4U7TKVZv9Dj9wZyN9c2ecGopk/View%20the%20Sri%20Sai%20Business%20Center%20Brochure.pdf
P0013,Marketing Brochure,https://images1.loopnet.com/d2/fJaxd-66MPmDwki_dB0HC0IUXgFqCtDETrs4ypAecZg/View%20the%20Waller%20Business%20Plaza%20Brochure.pdf
P0013,"Why Waller, TX",https://images1.loopnet.com/d2/1gZW9_ADqVvPm1Z-K9oFghgcQmYOtc-bY-bKrTxw90A/Why%20Waller%20TX.pdf
P0014,Floor Plan,https://images1.loopnet.com/d2/aPIN6zIR5WfQuzQo2BDpPaR9YAd4NS11mjcCnfG9Jbw/2406%20Main%20Street%20Floor%20Plan.pdf
P0014,Why Waller Presentation,https://images1.loopnet.com/d2/KLfsO5D5HiOi6BeTQJTjd1Cdcb1Q46yEWbkT6S6pN4M/Why%20Waller%20Presentation.pdf
P0014,Vacancy Flyer,https://images1.loopnet.com/d2/Tjj_1KL_9mNsCYHwYJDgdAaQoHSQsm4unDPWUz5DSsg/2406%20Main%20St%20Vacancy.pdf
P0021,11601 Spring - Flyer,https://images1.loopnet.com/d2/efdCaSFYarH--jR91NETu8_Z1K7TOOlbuT15HO5jTw8/document.pdf
P0022,LoopNet listing (attachment name shown on listing),https://www.loopnet.com/Listing/0-Medical-Complex-Drive-Tomball-TX/41862383/
